id,first_name,last_name,email,gender,ip_address
1,Kenneth,Schmidt,kschmidt0@uiuc.edu,Male,179.128.53.57
2,Ryan,Brooks,rbrooks1@cam.ac.uk,Male,217.239.154.187
3,Anthony,Grant,agrant2@state.tx.us,Male,201.175.25.76
4,Jessica,Bell,jbell3@squarespace.com,Female,188.195.162.143
5,Martha,Hansen,mhansen4@tmall.com,Female,94.171.95.228
6,Ruby,Jackson,rjackson5@live.com,Female,212.218.39.186
7,Maria,Willis,mwillis6@exblog.jp,Female,253.172.32.245
8,Harry,Black,hblack7@marketwatch.com,Male,255.242.63.111
9,Kathleen,Medina,kmedina8@loc.gov,Female,140.102.47.60
10,Steve,Fernandez,sfernandez9@blogger.com,Male,146.42.67.230
11,Heather,Sullivan,hsullivana@economist.com,Female,80.29.187.145
12,Henry,Sanders,hsandersb@fc2.com,Male,191.220.156.51
13,Bruce,Baker,bbakerc@chron.com,Male,167.57.55.175
14,Jessica,Kennedy,jkennedyd@devhub.com,Female,158.20.26.88
15,Virginia,Montgomery,vmontgomerye@wikipedia.org,Female,117.131.144.205
16,Jesse,Oliver,joliverf@oracle.com,Male,221.185.118.135
17,Eugene,Knight,eknightg@cyberchimps.com,Male,91.129.217.121
18,Margaret,Alvarez,malvarezh@wikimedia.org,Female,185.170.4.10
19,Joseph,Wells,jwellsi@goo.ne.jp,Male,7.75.28.39
20,Jennifer,Williamson,jwilliamsonj@arizona.edu,Female,28.16.103.84
21,Jacqueline,Cook,jcookk@1und1.de,Female,167.202.125.124
22,Eric,Powell,epowelll@nbcnews.com,Male,1.40.231.9
23,Christopher,Reed,creedm@ucsd.edu,Male,157.248.167.116
24,Ashley,Day,adayn@twitpic.com,Female,173.212.5.182
25,Elizabeth,Green,egreeno@accuweather.com,Female,208.179.116.16
26,Steve,Carr,scarrp@comcast.net,Male,237.138.220.225
27,George,Rodriguez,grodriguezq@hp.com,Male,140.196.159.152
28,Kathleen,Foster,kfosterr@nationalgeographic.com,Female,167.73.243.247
29,Maria,Garcia,mgarcias@nba.com,Female,130.93.12.66
30,Kimberly,Vasquez,kvasquezt@pen.io,Female,134.188.137.242
31,Richard,Reed,rreedu@friendfeed.com,Male,76.102.119.150
32,Roy,Torres,rtorresv@upenn.edu,Male,189.133.106.219
33,Fred,Reed,freedw@hhs.gov,Male,2.103.65.118
34,Louise,Evans,levansx@51.la,Female,121.1.214.87
35,Joseph,Lee,jleey@blogspot.com,Male,125.65.66.69
36,Kelly,Gonzales,kgonzalesz@seattletimes.com,Female,143.40.252.232
37,Joan,Garrett,jgarrett10@cpanel.net,Female,103.19.65.115
38,Jane,Kim,jkim11@ftc.gov,Female,189.86.118.4
39,Maria,Campbell,mcampbell12@taobao.com,Female,78.94.134.190
40,Kenneth,Marshall,kmarshall13@miibeian.gov.cn,Male,222.221.53.59
41,Willie,Moore,wmoore14@uol.com.br,Male,164.115.205.225
42,Christine,Palmer,cpalmer15@merriam-webster.com,Female,238.247.60.226
43,Rose,Gonzales,rgonzales16@skyrock.com,Female,198.108.143.173
44,Kelly,Tucker,ktucker17@marriott.com,Female,201.137.203.102
45,Patricia,Riley,priley18@indiatimes.com,Female,228.139.95.19
46,Emily,Fernandez,efernandez19@1und1.de,Female,223.104.128.225
47,Karen,Matthews,kmatthews1a@mysql.com,Female,185.30.131.189
48,Rebecca,Gonzalez,rgonzalez1b@issuu.com,Female,239.83.236.63
49,Gregory,Davis,gdavis1c@hugedomains.com,Male,162.165.143.236
50,Aaron,Perkins,aperkins1d@usgs.gov,Male,130.90.180.144
51,Jennifer,Castillo,jcastillo1e@baidu.com,Female,66.161.179.34
52,Emily,Grant,egrant1f@wisc.edu,Female,171.211.42.248
53,Stephen,Evans,sevans1g@google.nl,Male,253.85.45.219
54,Timothy,Hart,thart1h@prweb.com,Male,84.34.194.7
55,Juan,Ruiz,jruiz1i@samsung.com,Male,199.227.125.214
56,Edward,Perkins,eperkins1j@bing.com,Male,146.58.115.229
57,Benjamin,Jones,bjones1k@wordpress.org,Male,152.216.73.21
58,Kimberly,Parker,kparker1l@cam.ac.uk,Female,226.183.232.102
59,Brandon,Cox,bcox1m@marketwatch.com,Male,66.111.86.162
60,Frances,Carpenter,fcarpenter1n@odnoklassniki.ru,Female,86.130.53.240
61,Lawrence,Alexander,lalexander1o@ocn.ne.jp,Male,183.108.193.197
62,Carlos,Miller,cmiller1p@nifty.com,Male,156.88.251.238
63,Jerry,Moore,jmoore1q@bizjournals.com,Male,94.178.216.157
64,Rachel,Harper,rharper1r@meetup.com,Female,242.106.192.210
65,Douglas,Arnold,darnold1s@wikia.com,Male,227.24.30.253
66,Todd,Murphy,tmurphy1t@cdbaby.com,Male,46.50.192.74
67,Harold,Reyes,hreyes1u@shop-pro.jp,Male,194.20.216.215
68,Joe,Payne,jpayne1v@reference.com,Male,161.59.1.60
69,Philip,Fisher,pfisher1w@nih.gov,Male,55.183.207.67
70,Fred,Kennedy,fkennedy1x@drupal.org,Male,45.220.78.135
71,Thomas,Boyd,tboyd1y@tinyurl.com,Male,243.124.75.213
72,Jason,Oliver,joliver1z@ebay.co.uk,Male,230.59.63.180
73,Willie,Collins,wcollins20@amazon.de,Male,195.73.105.206
74,Arthur,Webb,awebb21@mysql.com,Male,140.230.120.181
75,Kenneth,Carter,kcarter22@godaddy.com,Male,61.183.93.193
76,Marie,Wagner,mwagner23@chicagotribune.com,Female,29.98.120.119
77,Paula,Weaver,pweaver24@eepurl.com,Female,44.208.98.167
78,Elizabeth,Burns,eburns25@tmall.com,Female,83.158.48.249
79,Lillian,Griffin,lgriffin26@amazonaws.com,Female,94.26.118.190
80,Elizabeth,Washington,ewashington27@disqus.com,Female,3.181.194.174
81,Maria,Welch,mwelch28@ovh.net,Female,240.111.51.2
82,Albert,Dean,adean29@berkeley.edu,Male,214.116.232.200
83,Billy,Torres,btorres2a@paypal.com,Male,168.103.244.70
84,Roy,Fields,rfields2b@godaddy.com,Male,212.136.233.204
85,Rose,Robinson,rrobinson2c@upenn.edu,Female,151.5.184.228
86,Lois,Richardson,lrichardson2d@dropbox.com,Female,82.174.97.151
87,Judy,Fox,jfox2e@tmall.com,Female,113.34.124.94
88,Earl,Foster,efoster2f@bluehost.com,Male,224.247.45.151
89,Harold,Nguyen,hnguyen2g@mapy.cz,Male,17.89.33.207
90,Chris,Turner,cturner2h@si.edu,Male,214.67.39.232
91,Russell,Austin,raustin2i@merriam-webster.com,Male,206.121.120.152
92,Harold,Rivera,hrivera2j@example.com,Male,179.88.32.82
93,Sara,Gonzalez,sgonzalez2k@nytimes.com,Female,22.89.3.211
94,Dennis,Vasquez,dvasquez2l@blogspot.com,Male,132.128.215.215
95,Gary,Gibson,ggibson2m@merriam-webster.com,Male,5.108.95.105
96,Teresa,Snyder,tsnyder2n@example.com,Female,170.8.51.3
97,Evelyn,Cox,ecox2o@sphinn.com,Female,98.46.29.66
98,Linda,Sims,lsims2p@biblegateway.com,Female,199.197.203.207
99,Keith,Montgomery,kmontgomery2q@de.vu,Male,68.173.17.136
100,William,Cunningham,wcunningham2r@baidu.com,Male,54.203.168.241
101,Howard,Fox,hfox2s@blogger.com,Male,178.200.34.234
102,Victor,Robertson,vrobertson2t@yellowpages.com,Male,205.46.234.140
103,Ronald,Medina,rmedina2u@tumblr.com,Male,109.37.81.195
104,Jack,Banks,jbanks2v@so-net.ne.jp,Male,151.3.106.188
105,Bobby,Dean,bdean2w@walmart.com,Male,13.199.176.196
106,Joan,Gilbert,jgilbert2x@blogspot.com,Female,240.145.90.145
107,Willie,Mcdonald,wmcdonald2y@ameblo.jp,Male,93.135.185.64
108,Raymond,Fox,rfox2z@lulu.com,Male,151.11.188.6
109,Joan,Perry,jperry30@is.gd,Female,134.130.163.232
110,Diane,Hawkins,dhawkins31@technorati.com,Female,175.9.180.170
111,Harry,Frazier,hfrazier32@reddit.com,Male,116.17.150.65
112,Fred,Hudson,fhudson33@nasa.gov,Male,39.211.25.137
113,Joan,Knight,jknight34@parallels.com,Female,59.205.69.104
114,Jesse,Edwards,jedwards35@people.com.cn,Male,7.193.241.2
115,Ralph,Mcdonald,rmcdonald36@jalbum.net,Male,126.74.226.77
116,Roger,Weaver,rweaver37@hatena.ne.jp,Male,18.12.132.47
117,Rachel,Thompson,rthompson38@arstechnica.com,Female,6.27.243.76
118,Patricia,Robertson,probertson39@acquirethisname.com,Female,188.42.117.176
119,Donna,Ramirez,dramirez3a@barnesandnoble.com,Female,67.180.43.139
120,Anna,Reed,areed3b@google.ca,Female,158.181.54.205
121,Joseph,Martinez,jmartinez3c@ed.gov,Male,72.164.176.132
122,Scott,Myers,smyers3d@multiply.com,Male,244.71.4.35
123,Lois,Dixon,ldixon3e@ask.com,Female,95.135.136.63
124,Annie,Johnson,ajohnson3f@uiuc.edu,Female,127.3.38.66
125,Louise,Burns,lburns3g@ftc.gov,Female,173.96.60.14
126,Gary,Cruz,gcruz3h@cocolog-nifty.com,Male,8.175.255.229
127,Richard,Burke,rburke3i@fastcompany.com,Male,234.226.115.93
128,Adam,Wright,awright3j@kickstarter.com,Male,175.165.159.113
129,Paul,Powell,ppowell3k@spotify.com,Male,137.93.241.240
130,Sandra,Campbell,scampbell3l@goo.ne.jp,Female,247.247.152.242
131,Judith,Kelly,jkelly3m@vimeo.com,Female,217.44.25.169
132,Martha,Ward,mward3n@hc360.com,Female,217.34.56.120
133,Dennis,Warren,dwarren3o@china.com.cn,Male,75.35.155.70
134,Jeremy,Romero,jromero3p@slate.com,Male,72.99.86.101
135,Willie,Martinez,wmartinez3q@deliciousdays.com,Male,99.100.29.216
136,Kathy,Perkins,kperkins3r@virginia.edu,Female,11.162.228.159
137,Fred,Ross,fross3s@berkeley.edu,Male,45.249.229.74
138,Ruth,Welch,rwelch3t@tuttocitta.it,Female,48.54.41.212
139,Margaret,Sanders,msanders3u@wsj.com,Female,205.239.121.117
140,Julie,Gonzales,jgonzales3v@ox.ac.uk,Female,205.75.19.41
141,Bruce,Gonzalez,bgonzalez3w@netlog.com,Male,227.118.44.49
142,Irene,Richards,irichards3x@techcrunch.com,Female,245.229.107.122
143,Walter,Richards,wrichards3y@chron.com,Male,61.33.58.72
144,Nicholas,Lee,nlee3z@bbb.org,Male,228.209.107.92
145,Ernest,Baker,ebaker40@pinterest.com,Male,114.130.12.105
146,Raymond,Kim,rkim41@yelp.com,Male,150.93.9.104
147,Bruce,Reid,breid42@photobucket.com,Male,151.235.110.114
148,Pamela,Ross,pross43@salon.com,Female,122.36.17.104
149,John,Dunn,jdunn44@theglobeandmail.com,Male,157.150.155.55
150,Tammy,Hunter,thunter45@state.tx.us,Female,175.131.106.78
151,Bruce,Reyes,breyes46@over-blog.com,Male,195.0.28.84
152,Ruth,Fisher,rfisher47@unicef.org,Female,5.114.80.61
153,Sara,Andrews,sandrews48@gmpg.org,Female,172.167.212.143
154,Sara,Chavez,schavez49@simplemachines.org,Female,147.33.215.73
155,Rebecca,Lynch,rlynch4a@rambler.ru,Female,41.31.218.18
156,Philip,Nichols,pnichols4b@scribd.com,Male,222.67.37.58
157,Anne,Watkins,awatkins4c@blinklist.com,Female,105.207.167.137
158,Dennis,Washington,dwashington4d@is.gd,Male,204.94.76.240
159,Sharon,Holmes,sholmes4e@deliciousdays.com,Female,106.6.193.158
160,Donald,Green,dgreen4f@4shared.com,Male,236.168.236.169
161,Martin,Sullivan,msullivan4g@multiply.com,Male,36.181.195.231
162,Ralph,Crawford,rcrawford4h@uiuc.edu,Male,61.233.31.42
163,Douglas,Boyd,dboyd4i@omniture.com,Male,28.127.111.166
164,Denise,Crawford,dcrawford4j@google.it,Female,92.21.100.127
165,Steven,Price,sprice4k@networkadvertising.org,Male,196.184.94.255
166,Timothy,Castillo,tcastillo4l@skyrock.com,Male,251.118.157.22
167,Gloria,Simpson,gsimpson4m@skyrock.com,Female,145.78.173.123
168,Christine,Marshall,cmarshall4n@hatena.ne.jp,Female,228.152.145.233
169,Michelle,Moreno,mmoreno4o@1und1.de,Female,123.9.226.159
170,Lillian,Rice,lrice4p@newsvine.com,Female,108.182.223.119
171,Victor,Martin,vmartin4q@newsvine.com,Male,145.144.18.150
172,Steve,Alvarez,salvarez4r@home.pl,Male,197.159.120.219
173,Kimberly,Price,kprice4s@psu.edu,Female,19.9.201.87
174,Fred,Harvey,fharvey4t@oakley.com,Male,218.243.57.9
175,Jesse,Lee,jlee4u@cdc.gov,Male,238.66.237.120
176,Donna,Franklin,dfranklin4v@tumblr.com,Female,86.111.30.37
177,Michael,Smith,msmith4w@qq.com,Male,9.216.179.233
178,Clarence,Edwards,cedwards4x@cbc.ca,Male,201.189.112.168
179,Joseph,Carpenter,jcarpenter4y@godaddy.com,Male,72.91.41.250
180,Kenneth,White,kwhite4z@soundcloud.com,Male,212.93.161.229
181,Brian,Chavez,bchavez50@bloglovin.com,Male,148.13.50.28
182,Judy,Rodriguez,jrodriguez51@who.int,Female,124.96.26.76
183,Earl,Weaver,eweaver52@bloglovin.com,Male,83.218.37.242
184,Helen,Montgomery,hmontgomery53@is.gd,Female,97.186.246.155
185,Angela,Olson,aolson54@eepurl.com,Female,175.251.51.4
186,Stephen,Stone,sstone55@github.com,Male,213.70.2.245
187,Jesse,Bradley,jbradley56@chronoengine.com,Male,205.80.221.37
188,Mildred,Anderson,manderson57@spiegel.de,Female,7.8.66.149
189,Joseph,Franklin,jfranklin58@sciencedirect.com,Male,147.115.45.175
190,Emily,Weaver,eweaver59@imdb.com,Female,195.121.37.125
191,Michael,Green,mgreen5a@sfgate.com,Male,108.215.1.165
192,David,Butler,dbutler5b@gravatar.com,Male,201.166.144.239
193,Matthew,Watkins,mwatkins5c@t.co,Male,32.30.11.40
194,Amy,Matthews,amatthews5d@sciencedirect.com,Female,52.43.158.46
195,Karen,Sanders,ksanders5e@spotify.com,Female,146.9.23.255
196,Emily,Nichols,enichols5f@chronoengine.com,Female,64.120.28.142
197,Ralph,Garcia,rgarcia5g@bluehost.com,Male,207.156.110.122
198,Melissa,Baker,mbaker5h@storify.com,Female,56.181.141.131
199,Keith,Dunn,kdunn5i@nature.com,Male,80.110.13.72
200,Donna,Hill,dhill5j@bizjournals.com,Female,228.253.54.102
201,Lois,Ray,lray5k@infoseek.co.jp,Female,13.170.182.115
202,Lois,Stevens,lstevens5l@indiatimes.com,Female,167.27.73.24
203,Teresa,Harrison,tharrison5m@cargocollective.com,Female,174.25.214.147
204,Terry,Ramos,tramos5n@webs.com,Male,123.154.166.238
205,Andrea,Day,aday5o@issuu.com,Female,181.240.92.60
206,Lillian,Webb,lwebb5p@fc2.com,Female,64.54.157.37
207,Jane,Ward,jward5q@utexas.edu,Female,199.44.123.88
208,Jessica,Garza,jgarza5r@google.fr,Female,253.65.60.37
209,Mary,Franklin,mfranklin5s@latimes.com,Female,238.126.39.58
210,Bobby,Ward,bward5t@linkedin.com,Male,35.16.87.113
211,James,Nichols,jnichols5u@1688.com,Male,158.207.159.67
212,Richard,Meyer,rmeyer5v@cocolog-nifty.com,Male,117.98.139.197
213,Steven,Fisher,sfisher5w@about.me,Male,232.215.8.54
214,Paula,Chavez,pchavez5x@youku.com,Female,36.32.92.68
215,Wanda,Lee,wlee5y@ted.com,Female,33.210.152.97
216,Martin,Pierce,mpierce5z@baidu.com,Male,214.148.58.128
217,Dorothy,Meyer,dmeyer60@theguardian.com,Female,109.191.219.71
218,Cheryl,Fuller,cfuller61@psu.edu,Female,246.20.201.173
219,Laura,Wilson,lwilson62@tumblr.com,Female,70.142.170.85
220,Andrew,Thompson,athompson63@illinois.edu,Male,136.64.20.36
221,Peter,Shaw,pshaw64@nba.com,Male,48.200.57.17
222,Carlos,Stone,cstone65@skyrock.com,Male,157.73.130.34
223,Harry,Ortiz,hortiz66@netscape.com,Male,56.101.34.8
224,Henry,Peters,hpeters67@princeton.edu,Male,233.171.62.238
225,Randy,Anderson,randerson68@springer.com,Male,149.3.178.169
226,Janet,Miller,jmiller69@timesonline.co.uk,Female,30.248.216.148
227,Ryan,Martinez,rmartinez6a@sphinn.com,Male,147.4.172.238
228,Kimberly,Bradley,kbradley6b@altervista.org,Female,133.119.120.73
229,Frances,Stewart,fstewart6c@imgur.com,Female,2.117.131.219
230,Angela,Kelley,akelley6d@bloglines.com,Female,182.194.85.53
231,Virginia,Wallace,vwallace6e@usda.gov,Female,192.238.155.57
232,Julie,Simmons,jsimmons6f@technorati.com,Female,110.150.40.168
233,Beverly,Spencer,bspencer6g@ehow.com,Female,164.44.35.40
234,Philip,Flores,pflores6h@buzzfeed.com,Male,144.98.203.211
235,Richard,Long,rlong6i@sun.com,Male,27.213.55.186
236,Todd,Kelly,tkelly6j@hud.gov,Male,210.251.153.150
237,Martha,Robertson,mrobertson6k@vimeo.com,Female,46.34.154.253
238,Rose,Lane,rlane6l@canalblog.com,Female,134.128.79.112
239,Tammy,Fisher,tfisher6m@army.mil,Female,191.108.22.204
240,Todd,Garrett,tgarrett6n@ycombinator.com,Male,237.142.141.59
241,Joyce,Parker,jparker6o@t.co,Female,14.137.84.220
242,Louise,Moreno,lmoreno6p@mayoclinic.com,Female,135.152.167.133
243,Joan,Crawford,jcrawford6q@blogs.com,Female,216.243.213.191
244,Susan,Brooks,sbrooks6r@purevolume.com,Female,99.229.184.176
245,Catherine,Spencer,cspencer6s@symantec.com,Female,44.207.46.120
246,Ronald,Cruz,rcruz6t@wix.com,Male,148.67.76.238
247,Terry,Lewis,tlewis6u@timesonline.co.uk,Male,49.36.97.83
248,Wanda,Lee,wlee6v@i2i.jp,Female,212.222.1.101
249,Sean,Reid,sreid6w@edublogs.org,Male,67.183.121.139
250,Laura,Thompson,lthompson6x@sohu.com,Female,231.120.42.148
251,Randy,Stephens,rstephens6y@canalblog.com,Male,40.232.109.104
252,Philip,Myers,pmyers6z@behance.net,Male,228.153.195.48
253,Jonathan,Bradley,jbradley70@imageshack.us,Male,113.9.195.251
254,Joshua,Ramos,jramos71@qq.com,Male,74.62.106.242
255,Kenneth,Little,klittle72@etsy.com,Male,79.27.175.63
256,Carl,Shaw,cshaw73@npr.org,Male,228.196.192.255
257,Cheryl,Harper,charper74@meetup.com,Female,183.171.237.103
258,Ashley,Ward,award75@sbwire.com,Female,80.173.238.28
259,Brian,Kennedy,bkennedy76@xinhuanet.com,Male,109.170.182.239
260,Pamela,Garza,pgarza77@tiny.cc,Female,198.69.230.20
261,Nicole,Ortiz,nortiz78@hexun.com,Female,95.246.111.144
262,Bobby,Garcia,bgarcia79@free.fr,Male,3.96.237.232
263,Helen,Rice,hrice7a@cisco.com,Female,137.182.82.186
264,Harry,Harvey,hharvey7b@icq.com,Male,166.189.5.47
265,Frank,Johnston,fjohnston7c@mapy.cz,Male,38.251.129.112
266,Doris,Harper,dharper7d@macromedia.com,Female,88.65.124.206
267,Albert,Weaver,aweaver7e@t.co,Male,219.106.54.22
268,Eric,Schmidt,eschmidt7f@soundcloud.com,Male,144.191.46.22
269,Philip,Carr,pcarr7g@guardian.co.uk,Male,109.198.233.186
270,Craig,Kennedy,ckennedy7h@technorati.com,Male,85.51.128.189
271,Irene,Rivera,irivera7i@house.gov,Female,27.214.32.198
272,Sarah,Graham,sgraham7j@diigo.com,Female,51.27.244.114
273,Sharon,Fernandez,sfernandez7k@reference.com,Female,84.178.71.65
274,Ernest,Walker,ewalker7l@hao123.com,Male,248.157.221.40
275,Wayne,Bennett,wbennett7m@buzzfeed.com,Male,118.36.125.190
276,Diane,Johnson,djohnson7n@scribd.com,Female,18.119.27.198
277,Jesse,Gilbert,jgilbert7o@biblegateway.com,Male,222.10.230.108
278,Howard,Ward,hward7p@php.net,Male,71.193.162.46
279,Louise,Wood,lwood7q@ca.gov,Female,29.46.128.104
280,Catherine,Hart,chart7r@ucla.edu,Female,161.122.168.17
281,Marie,Robertson,mrobertson7s@weibo.com,Female,158.39.246.141
282,Anne,Johnson,ajohnson7t@va.gov,Female,218.179.205.40
283,Frank,Oliver,foliver7u@japanpost.jp,Male,121.57.226.218
284,Denise,Morris,dmorris7v@tumblr.com,Female,24.202.158.169
285,Bobby,Thompson,bthompson7w@pcworld.com,Male,205.203.126.140
286,Rebecca,Morales,rmorales7x@mozilla.org,Female,154.235.40.155
287,Marie,Russell,mrussell7y@newsvine.com,Female,122.107.186.199
288,Eugene,Simmons,esimmons7z@utexas.edu,Male,135.163.102.171
289,Wayne,Ramirez,wramirez80@mozilla.com,Male,13.240.190.130
290,Phyllis,Reyes,preyes81@163.com,Female,144.243.6.167
291,Philip,Wagner,pwagner82@symantec.com,Male,70.174.152.240
292,Tina,Gray,tgray83@alexa.com,Female,93.224.33.123
293,Terry,Anderson,tanderson84@amazon.de,Male,73.111.80.255
294,Diana,Sullivan,dsullivan85@is.gd,Female,142.136.136.6
295,Arthur,Griffin,agriffin86@odnoklassniki.ru,Male,58.253.95.208
296,Christine,Kelly,ckelly87@zimbio.com,Female,4.83.66.52
297,Ronald,Kelly,rkelly88@blogspot.com,Male,237.191.255.70
298,Gary,Hall,ghall89@mac.com,Male,100.112.125.56
299,Jesse,Harper,jharper8a@sun.com,Male,134.133.28.250
300,Thomas,Cook,tcook8b@unblog.fr,Male,133.178.175.40
301,Michelle,Perkins,mperkins8c@irs.gov,Female,146.167.44.81
302,Eric,Nichols,enichols8d@uol.com.br,Male,105.20.72.80
303,Richard,Meyer,rmeyer8e@pinterest.com,Male,69.131.194.220
304,Scott,Berry,sberry8f@drupal.org,Male,130.249.63.89
305,Mary,Gordon,mgordon8g@microsoft.com,Female,78.32.104.88
306,Jean,Morris,jmorris8h@telegraph.co.uk,Female,221.150.69.180
307,Cheryl,Carter,ccarter8i@miitbeian.gov.cn,Female,58.151.168.242
308,Jean,Griffin,jgriffin8j@myspace.com,Female,42.49.151.185
309,Todd,Gardner,tgardner8k@github.com,Male,141.199.198.153
310,Marilyn,Hudson,mhudson8l@yahoo.co.jp,Female,146.170.133.109
311,Janice,Alvarez,jalvarez8m@vimeo.com,Female,178.0.33.47
312,Gary,James,gjames8n@nhs.uk,Male,232.252.76.34
313,Kevin,Mccoy,kmccoy8o@seesaa.net,Male,77.101.56.226
314,Rose,Robertson,rrobertson8p@usgs.gov,Female,129.182.246.40
315,Christine,Taylor,ctaylor8q@cyberchimps.com,Female,145.211.172.59
316,Jeffrey,Patterson,jpatterson8r@tripadvisor.com,Male,230.64.235.74
317,Steve,Sims,ssims8s@mit.edu,Male,230.25.28.227
318,Ernest,Berry,eberry8t@techcrunch.com,Male,184.49.7.198
319,Jeffrey,Hunt,jhunt8u@arstechnica.com,Male,240.53.103.178
320,Louise,Diaz,ldiaz8v@kickstarter.com,Female,28.135.231.86
321,Shawn,Gonzales,sgonzales8w@360.cn,Male,232.29.71.200
322,Marilyn,Williams,mwilliams8x@zdnet.com,Female,156.145.176.62
323,Stephanie,Stone,sstone8y@census.gov,Female,208.235.158.50
324,Patricia,Washington,pwashington8z@nbcnews.com,Female,91.240.120.134
325,Patrick,Foster,pfoster90@godaddy.com,Male,89.41.254.136
326,Joseph,Garza,jgarza91@mapquest.com,Male,7.5.24.151
327,Louis,Reid,lreid92@naver.com,Male,218.89.5.230
328,Shawn,Jackson,sjackson93@symantec.com,Male,185.193.83.52
329,Douglas,Rogers,drogers94@businesswire.com,Male,71.40.120.81
330,Benjamin,Andrews,bandrews95@dagondesign.com,Male,29.61.218.96
331,Lori,Simpson,lsimpson96@163.com,Female,200.141.102.250
332,Anne,Carroll,acarroll97@rakuten.co.jp,Female,166.139.8.206
333,Raymond,Webb,rwebb98@squidoo.com,Male,168.210.185.194
334,Sharon,Wallace,swallace99@nhs.uk,Female,207.53.225.212
335,Deborah,Sanders,dsanders9a@jalbum.net,Female,20.10.5.26
336,Doris,Jordan,djordan9b@fotki.com,Female,101.12.193.94
337,Amanda,Greene,agreene9c@bloomberg.com,Female,73.215.202.205
338,Tina,Stanley,tstanley9d@usnews.com,Female,108.111.179.77
339,Ruth,Dean,rdean9e@ft.com,Female,61.69.124.180
340,Mary,Woods,mwoods9f@jiathis.com,Female,149.35.87.32
341,George,Stewart,gstewart9g@cnn.com,Male,193.190.250.185
342,Rachel,Reed,rreed9h@live.com,Female,15.6.121.74
343,Robin,Lewis,rlewis9i@dropbox.com,Female,74.4.190.148
344,Steve,Austin,saustin9j@smh.com.au,Male,8.54.148.209
345,Alice,White,awhite9k@unblog.fr,Female,95.62.193.73
346,Wayne,Harris,wharris9l@github.io,Male,49.11.220.212
347,Edward,Daniels,edaniels9m@ucsd.edu,Male,140.127.189.248
348,Sara,Taylor,staylor9n@chron.com,Female,201.151.209.138
349,Joseph,Bradley,jbradley9o@vk.com,Male,10.18.67.46
350,Laura,King,lking9p@abc.net.au,Female,158.34.133.214
351,Russell,Garcia,rgarcia9q@cisco.com,Male,46.67.244.137
352,Russell,Frazier,rfrazier9r@goodreads.com,Male,188.111.137.224
353,Lois,Bishop,lbishop9s@nasa.gov,Female,104.249.170.101
354,Howard,Larson,hlarson9t@guardian.co.uk,Male,240.214.233.234
355,Roy,Warren,rwarren9u@ning.com,Male,96.133.48.189
356,Peter,Warren,pwarren9v@yahoo.co.jp,Male,110.94.30.28
357,Russell,Stone,rstone9w@amazon.co.uk,Male,168.3.243.145
358,Gary,Wagner,gwagner9x@51.la,Male,76.243.192.113
359,Patrick,Bailey,pbailey9y@yelp.com,Male,74.110.171.134
360,Harold,Reynolds,hreynolds9z@naver.com,Male,143.99.183.204
361,Carol,Brown,cbrowna0@jigsy.com,Female,8.74.87.85
362,Anthony,Butler,abutlera1@woothemes.com,Male,240.201.242.31
363,Ruth,Willis,rwillisa2@sourceforge.net,Female,122.130.40.124
364,Evelyn,Burke,eburkea3@nytimes.com,Female,6.45.215.197
365,Clarence,Cunningham,ccunninghama4@histats.com,Male,71.199.198.234
366,Gerald,Morris,gmorrisa5@dmoz.org,Male,9.75.26.169
367,Roy,Sims,rsimsa6@cisco.com,Male,26.106.52.28
368,Robin,Richardson,rrichardsona7@ihg.com,Female,73.219.169.237
369,Janet,Garza,jgarzaa8@squarespace.com,Female,151.169.160.132
370,Helen,Medina,hmedinaa9@squidoo.com,Female,165.113.27.202
371,Jimmy,Fields,jfieldsaa@blogger.com,Male,42.174.218.15
372,Carl,Johnston,cjohnstonab@sitemeter.com,Male,16.169.2.109
373,Carl,Gomez,cgomezac@sfgate.com,Male,10.55.240.9
374,Stephen,Henry,shenryad@statcounter.com,Male,255.199.104.247
375,Kimberly,Foster,kfosterae@google.cn,Female,88.91.142.162
376,Randy,Mcdonald,rmcdonaldaf@unc.edu,Male,128.129.175.49
377,Donna,Riley,drileyag@unesco.org,Female,210.197.244.183
378,Amy,Stewart,astewartah@t.co,Female,232.50.183.60
379,Angela,Griffin,agriffinai@deliciousdays.com,Female,216.151.7.106
380,Wanda,Wood,wwoodaj@altervista.org,Female,209.167.159.90
381,Sandra,Fox,sfoxak@goo.ne.jp,Female,90.175.55.124
382,Joseph,Perkins,jperkinsal@ycombinator.com,Male,39.197.100.103
383,Scott,Fuller,sfulleram@foxnews.com,Male,147.42.168.0
384,Ernest,Armstrong,earmstrongan@sbwire.com,Male,188.2.127.206
385,Gerald,Marshall,gmarshallao@google.com.hk,Male,33.5.78.50
386,Cynthia,Lewis,clewisap@smugmug.com,Female,31.4.165.153
387,Brenda,Perry,bperryaq@abc.net.au,Female,187.150.245.54
388,Henry,Wheeler,hwheelerar@nydailynews.com,Male,29.7.120.44
389,Jesse,Ferguson,jfergusonas@posterous.com,Male,128.32.155.153
390,Matthew,Price,mpriceat@constantcontact.com,Male,181.209.70.170
391,Lawrence,Robertson,lrobertsonau@google.ru,Male,166.21.169.50
392,Judy,Greene,jgreeneav@utexas.edu,Female,4.200.34.175
393,Lisa,Willis,lwillisaw@weebly.com,Female,66.27.76.121
394,Brian,Hart,bhartax@census.gov,Male,148.96.143.50
395,Christine,Willis,cwillisay@marketwatch.com,Female,97.162.239.0
396,Jeffrey,Weaver,jweaveraz@howstuffworks.com,Male,163.104.196.71
397,Martha,Adams,madamsb0@geocities.jp,Female,13.176.142.4
398,Julie,Dean,jdeanb1@tripod.com,Female,22.99.39.182
399,Stephen,Lane,slaneb2@ox.ac.uk,Male,64.139.46.163
400,Jennifer,Harris,jharrisb3@ameblo.jp,Female,107.224.32.242
401,Christopher,Riley,crileyb4@woothemes.com,Male,65.122.162.208
402,Tammy,Murphy,tmurphyb5@wufoo.com,Female,190.233.133.248
403,Paul,Ward,pwardb6@java.com,Male,252.10.97.182
404,Earl,Morrison,emorrisonb7@marriott.com,Male,61.9.102.121
405,Beverly,Holmes,bholmesb8@youku.com,Female,64.46.97.175
406,Judy,Arnold,jarnoldb9@deviantart.com,Female,62.205.152.108
407,Tammy,Nichols,tnicholsba@sohu.com,Female,67.234.56.108
408,Maria,Marshall,mmarshallbb@cyberchimps.com,Female,189.133.120.40
409,Amy,Fowler,afowlerbc@cbsnews.com,Female,175.232.170.164
410,Martha,Mills,mmillsbd@youtu.be,Female,0.109.239.5
411,Christina,Boyd,cboydbe@comsenz.com,Female,40.230.240.94
412,Shawn,Jordan,sjordanbf@indiegogo.com,Male,196.212.214.52
413,Douglas,Cook,dcookbg@amazon.de,Male,158.202.153.213
414,Tammy,Romero,tromerobh@deliciousdays.com,Female,7.98.36.124
415,Howard,Carroll,hcarrollbi@vinaora.com,Male,145.254.84.187
416,Daniel,Wilson,dwilsonbj@arizona.edu,Male,85.109.96.176
417,Wayne,Andrews,wandrewsbk@wikimedia.org,Male,60.1.255.112
418,Randy,Moreno,rmorenobl@diigo.com,Male,100.185.231.58
419,Paula,Harrison,pharrisonbm@upenn.edu,Female,46.149.48.71
420,Wayne,Wallace,wwallacebn@indiatimes.com,Male,153.165.37.99
421,Barbara,Austin,baustinbo@360.cn,Female,233.151.241.217
422,Nancy,Willis,nwillisbp@hugedomains.com,Female,108.152.212.28
423,Norma,Hayes,nhayesbq@naver.com,Female,109.23.146.238
424,Kenneth,Moore,kmoorebr@nasa.gov,Male,147.54.177.134
425,Jerry,Campbell,jcampbellbs@ucla.edu,Male,116.240.73.60
426,Richard,Rivera,rriverabt@sbwire.com,Male,232.239.33.109
427,Chris,Anderson,candersonbu@i2i.jp,Male,229.188.135.77
428,Willie,Garcia,wgarciabv@live.com,Male,233.150.14.166
429,Ernest,Peters,epetersbw@gizmodo.com,Male,194.131.95.61
430,Amanda,Moreno,amorenobx@over-blog.com,Female,172.198.131.174
431,Elizabeth,Gibson,egibsonby@wsj.com,Female,121.64.144.117
432,Walter,Ross,wrossbz@army.mil,Male,169.243.154.48
433,Stephen,Henderson,shendersonc0@pcworld.com,Male,152.67.28.116
434,Bobby,Alvarez,balvarezc1@rambler.ru,Male,208.105.100.180
435,Harold,Long,hlongc2@g.co,Male,176.192.196.67
436,Stephanie,Walker,swalkerc3@devhub.com,Female,227.42.124.135
437,Ashley,Scott,ascottc4@google.co.uk,Female,56.57.170.160
438,Carl,Duncan,cduncanc5@ucoz.ru,Male,159.116.131.87
439,Dorothy,Richardson,drichardsonc6@about.com,Female,232.24.115.65
440,Cynthia,Day,cdayc7@ucla.edu,Female,152.52.246.6
441,Susan,Greene,sgreenec8@addthis.com,Female,1.37.188.40
442,Jeremy,Robinson,jrobinsonc9@t-online.de,Male,79.26.214.155
443,Annie,Mccoy,amccoyca@drupal.org,Female,76.188.136.175
444,Jason,Howell,jhowellcb@prnewswire.com,Male,181.89.180.68
445,Beverly,Grant,bgrantcc@adobe.com,Female,130.62.39.252
446,Wanda,Barnes,wbarnescd@taobao.com,Female,33.100.73.62
447,Michael,Ryan,mryance@arizona.edu,Male,229.108.130.27
448,Randy,Hill,rhillcf@ucoz.com,Male,243.9.152.231
449,Thomas,Olson,tolsoncg@statcounter.com,Male,78.146.146.31
450,Gloria,Barnes,gbarnesch@dot.gov,Female,180.207.196.194
451,Michael,Bowman,mbowmanci@mediafire.com,Male,145.106.42.214
452,Susan,Garza,sgarzacj@slate.com,Female,2.106.14.11
453,Paula,Morgan,pmorganck@businessweek.com,Female,254.230.12.144
454,Bobby,Webb,bwebbcl@businessinsider.com,Male,134.46.76.163
455,Bobby,Hudson,bhudsoncm@cocolog-nifty.com,Male,154.161.229.231
456,Patrick,Gray,pgraycn@webmd.com,Male,83.97.253.18
457,Betty,Andrews,bandrewsco@mayoclinic.com,Female,246.126.63.30
458,Russell,Hill,rhillcp@usa.gov,Male,167.223.206.30
459,Amanda,Wheeler,awheelercq@wisc.edu,Female,102.67.142.147
460,Donna,Olson,dolsoncr@ted.com,Female,81.130.144.197
461,Amanda,Rice,aricecs@elpais.com,Female,146.217.69.52
462,Phyllis,Black,pblackct@wikispaces.com,Female,54.106.115.57
463,Kimberly,Black,kblackcu@yahoo.co.jp,Female,241.153.225.88
464,Brian,Morris,bmorriscv@studiopress.com,Male,228.194.2.128
465,Paul,Gordon,pgordoncw@qq.com,Male,136.143.185.157
466,Christopher,Howell,chowellcx@sphinn.com,Male,205.47.31.146
467,Timothy,Hill,thillcy@deviantart.com,Male,75.241.179.208
468,Kevin,Richards,krichardscz@google.it,Male,178.149.200.174
469,George,Rose,grosed0@dropbox.com,Male,76.79.108.156
470,Paula,Peters,ppetersd1@abc.net.au,Female,91.55.55.132
471,Dennis,Harris,dharrisd2@sciencedirect.com,Male,139.72.189.157
472,Anne,Hamilton,ahamiltond3@diigo.com,Female,197.213.161.248
473,Janet,Marshall,jmarshalld4@deliciousdays.com,Female,88.178.129.112
474,Brandon,Daniels,bdanielsd5@mysql.com,Male,161.43.133.243
475,Samuel,Rose,srosed6@ustream.tv,Male,77.216.234.198
476,Virginia,Cruz,vcruzd7@zdnet.com,Female,67.171.218.251
477,Jane,Chavez,jchavezd8@omniture.com,Female,157.174.117.9
478,Barbara,Austin,baustind9@statcounter.com,Female,182.208.100.51
479,Barbara,Myers,bmyersda@ehow.com,Female,53.47.46.81
480,Louise,Fowler,lfowlerdb@yahoo.co.jp,Female,32.159.161.158
481,Susan,Arnold,sarnolddc@acquirethisname.com,Female,113.142.242.39
482,Doris,Porter,dporterdd@oaic.gov.au,Female,221.224.162.28
483,Justin,Spencer,jspencerde@naver.com,Male,26.1.186.35
484,Phyllis,Myers,pmyersdf@nsw.gov.au,Female,46.111.86.47
485,Anne,Richards,arichardsdg@php.net,Female,203.255.160.142
486,Johnny,Marshall,jmarshalldh@printfriendly.com,Male,56.22.70.89
487,Rachel,Mendoza,rmendozadi@bloglines.com,Female,253.217.28.189
488,Matthew,Bishop,mbishopdj@msn.com,Male,10.197.133.100
489,Julia,Thomas,jthomasdk@bbc.co.uk,Female,19.113.240.172
490,Robin,Wallace,rwallacedl@cloudflare.com,Female,254.21.80.42
491,Donald,Reed,dreeddm@gov.uk,Male,67.109.73.58
492,Chris,Kennedy,ckennedydn@simplemachines.org,Male,167.64.145.116
493,Joyce,Ellis,jellisdo@cbslocal.com,Female,17.232.149.183
494,Randy,Mcdonald,rmcdonalddp@zdnet.com,Male,105.180.6.217
495,Paula,Grant,pgrantdq@pcworld.com,Female,129.122.75.94
496,Thomas,Roberts,trobertsdr@oracle.com,Male,245.232.75.46
497,Ruth,Fowler,rfowlerds@springer.com,Female,242.78.212.166
498,Timothy,Lopez,tlopezdt@list-manage.com,Male,131.188.192.221
499,Martin,Powell,mpowelldu@pbs.org,Male,234.172.137.111
500,David,Ray,draydv@cnet.com,Male,128.235.177.47
501,Virginia,Pierce,vpiercedw@liveinternet.ru,Female,231.182.211.214
502,Justin,Burton,jburtondx@hao123.com,Male,96.60.44.3
503,Scott,Daniels,sdanielsdy@amazonaws.com,Male,178.172.170.18
504,Jimmy,Perez,jperezdz@w3.org,Male,205.143.11.147
505,Keith,Clark,kclarke0@sun.com,Male,95.103.174.207
506,William,Scott,wscotte1@foxnews.com,Male,157.216.181.237
507,Todd,Alvarez,talvareze2@networksolutions.com,Male,22.128.85.3
508,Martin,Rivera,mriverae3@ehow.com,Male,34.186.56.87
509,Marilyn,Shaw,mshawe4@google.ru,Female,161.102.188.199
510,Phillip,Johnson,pjohnsone5@parallels.com,Male,213.14.54.206
511,Frances,Sullivan,fsullivane6@sciencedaily.com,Female,96.252.164.213
512,Melissa,Long,mlonge7@lycos.com,Female,113.116.26.152
513,Jeffrey,Oliver,jolivere8@nationalgeographic.com,Male,67.58.123.21
514,Lois,Cunningham,lcunninghame9@domainmarket.com,Female,171.168.199.106
515,Nicholas,Ross,nrossea@dot.gov,Male,41.75.51.251
516,Elizabeth,Ramos,eramoseb@storify.com,Female,254.42.0.79
517,Steve,Ruiz,sruizec@wp.com,Male,225.175.25.131
518,Lori,Wagner,lwagnered@soundcloud.com,Female,177.220.150.7
519,Russell,Austin,raustinee@comsenz.com,Male,120.1.222.59
520,Jane,Ford,jfordef@stanford.edu,Female,120.203.60.95
521,Andrew,Montgomery,amontgomeryeg@example.com,Male,72.240.96.231
522,Mildred,Little,mlittleeh@dedecms.com,Female,25.98.253.255
523,Eric,Stevens,estevensei@tamu.edu,Male,108.115.200.84
524,Edward,Walker,ewalkerej@drupal.org,Male,202.81.101.77
525,Ryan,Howard,rhowardek@newyorker.com,Male,119.251.197.35
526,Dennis,Butler,dbutlerel@marketwatch.com,Male,143.173.213.158
527,Marilyn,Brooks,mbrooksem@pinterest.com,Female,58.149.83.62
528,Ruth,Martin,rmartinen@lulu.com,Female,84.254.138.6
529,Albert,Hughes,ahugheseo@msu.edu,Male,238.219.57.140
530,Mark,Stone,mstoneep@myspace.com,Male,95.207.145.91
531,Paul,Hawkins,phawkinseq@gov.uk,Male,74.78.244.225
532,Heather,Myers,hmyerser@vimeo.com,Female,54.4.154.28
533,Bonnie,Hamilton,bhamiltones@symantec.com,Female,65.184.248.251
534,Lillian,Hanson,lhansonet@bbb.org,Female,228.75.141.212
535,Marie,Foster,mfostereu@telegraph.co.uk,Female,162.70.21.100
536,Jean,Alexander,jalexanderev@google.nl,Female,15.231.108.66
537,Stephen,Fernandez,sfernandezew@utexas.edu,Male,15.123.125.87
538,Barbara,Long,blongex@over-blog.com,Female,4.221.20.127
539,Martin,Williamson,mwilliamsoney@liveinternet.ru,Male,15.48.72.182
540,Carol,Gordon,cgordonez@bing.com,Female,27.116.149.36
541,Eugene,Cole,ecolef0@independent.co.uk,Male,134.197.210.59
542,Rachel,Butler,rbutlerf1@g.co,Female,113.253.239.224
543,Susan,Mason,smasonf2@last.fm,Female,150.44.190.68
544,Keith,Sanders,ksandersf3@163.com,Male,92.35.174.192
545,Teresa,Oliver,toliverf4@hexun.com,Female,107.214.192.35
546,Marilyn,Fields,mfieldsf5@mlb.com,Female,196.60.97.1
547,Anthony,Price,apricef6@economist.com,Male,189.189.216.79
548,Lori,Snyder,lsnyderf7@prweb.com,Female,194.112.140.29
549,Larry,Simpson,lsimpsonf8@delicious.com,Male,187.219.185.119
550,Sharon,Fields,sfieldsf9@newsvine.com,Female,134.93.211.181
551,Patricia,Ross,prossfa@nydailynews.com,Female,199.21.108.37
552,Dennis,Nguyen,dnguyenfb@nature.com,Male,156.28.97.209
553,Jessica,Moore,jmoorefc@liveinternet.ru,Female,113.85.193.124
554,Chris,Grant,cgrantfd@twitter.com,Male,70.136.153.6
555,Ruth,Stephens,rstephensfe@mac.com,Female,26.5.0.215
556,Lois,Burke,lburkeff@usatoday.com,Female,245.60.85.36
557,Stephen,Ray,srayfg@smh.com.au,Male,231.23.150.120
558,Susan,Myers,smyersfh@biblegateway.com,Female,85.123.176.217
559,Victor,Bradley,vbradleyfi@tinypic.com,Male,148.163.251.117
560,Patricia,Nichols,pnicholsfj@twitpic.com,Female,86.0.216.143
561,Judith,Lopez,jlopezfk@nifty.com,Female,189.232.57.54
562,Carlos,Cole,ccolefl@wp.com,Male,187.250.235.247
563,Denise,Harris,dharrisfm@blogspot.com,Female,118.62.63.199
564,Diane,Gomez,dgomezfn@ocn.ne.jp,Female,54.120.55.220
565,Heather,Ray,hrayfo@toplist.cz,Female,26.18.17.33
566,Gerald,Wells,gwellsfp@fc2.com,Male,103.122.140.105
567,Earl,Gutierrez,egutierrezfq@disqus.com,Male,3.181.28.105
568,Annie,Gonzalez,agonzalezfr@mail.ru,Female,23.29.145.227
569,Dorothy,Daniels,ddanielsfs@vinaora.com,Female,248.82.149.252
570,Christopher,Baker,cbakerft@lulu.com,Male,117.139.175.69
571,Laura,Torres,ltorresfu@bigcartel.com,Female,52.233.234.93
572,Louise,Hughes,lhughesfv@stumbleupon.com,Female,189.196.255.202
573,Carol,Shaw,cshawfw@upenn.edu,Female,110.45.120.162
574,Todd,Perkins,tperkinsfx@google.it,Male,193.186.142.229
575,Stephen,Gilbert,sgilbertfy@mlb.com,Male,142.40.202.253
576,Diane,Castillo,dcastillofz@scribd.com,Female,169.70.71.222
577,Amy,Garrett,agarrettg0@forbes.com,Female,227.164.30.19
578,Brian,Crawford,bcrawfordg1@yandex.ru,Male,148.235.228.147
579,Kevin,Morgan,kmorgang2@si.edu,Male,231.220.242.195
580,Amanda,Thompson,athompsong3@ask.com,Female,179.89.3.88
581,Tammy,Montgomery,tmontgomeryg4@shinystat.com,Female,170.52.192.76
582,Robin,Griffin,rgriffing5@google.fr,Female,173.26.126.182
583,Karen,Fields,kfieldsg6@ning.com,Female,229.218.19.242
584,Howard,Burke,hburkeg7@pagesperso-orange.fr,Male,67.217.196.84
585,Gregory,Ruiz,gruizg8@nasa.gov,Male,85.78.187.74
586,Martin,Harris,mharrisg9@geocities.com,Male,49.251.153.208
587,Sharon,Fox,sfoxga@biglobe.ne.jp,Female,141.133.50.120
588,Lisa,Patterson,lpattersongb@yahoo.co.jp,Female,136.210.130.23
589,Martin,Ramos,mramosgc@nba.com,Male,119.56.236.226
590,Paula,Clark,pclarkgd@tamu.edu,Female,48.247.173.119
591,Thomas,Oliver,toliverge@foxnews.com,Male,38.232.22.206
592,Rebecca,Cook,rcookgf@unblog.fr,Female,82.217.169.65
593,Jessica,Nelson,jnelsongg@reddit.com,Female,98.96.128.233
594,Janet,Wells,jwellsgh@ovh.net,Female,215.155.228.107
595,Gloria,Reid,greidgi@seesaa.net,Female,112.242.120.94
596,Henry,Castillo,hcastillogj@spotify.com,Male,49.104.2.134
597,Victor,Adams,vadamsgk@prnewswire.com,Male,89.14.6.95
598,Alan,Wallace,awallacegl@amazon.co.uk,Male,247.148.42.27
599,Wayne,Phillips,wphillipsgm@nature.com,Male,178.25.105.88
600,Bonnie,Cook,bcookgn@homestead.com,Female,166.200.237.86
601,Joyce,Bryant,jbryantgo@ning.com,Female,162.232.84.139
602,Wanda,Mendoza,wmendozagp@jiathis.com,Female,86.85.11.165
603,Ann,Vasquez,avasquezgq@seesaa.net,Female,70.236.31.6
604,Anthony,Johnson,ajohnsongr@geocities.jp,Male,43.226.227.17
605,Ronald,Rose,rrosegs@meetup.com,Male,24.157.191.22
606,Elizabeth,James,ejamesgt@wikimedia.org,Female,149.107.11.116
607,Heather,Reed,hreedgu@omniture.com,Female,184.165.10.186
608,Larry,Hart,lhartgv@prweb.com,Male,200.228.94.39
609,Paul,Dixon,pdixongw@microsoft.com,Male,134.202.103.57
610,Louis,Woods,lwoodsgx@is.gd,Male,208.41.230.68
611,Catherine,Fernandez,cfernandezgy@blogs.com,Female,20.162.52.141
612,Stephanie,White,swhitegz@prweb.com,Female,83.4.113.132
613,Ruth,Wells,rwellsh0@twitter.com,Female,228.165.240.236
614,Ryan,Castillo,rcastilloh1@ihg.com,Male,50.65.129.130
615,Matthew,Patterson,mpattersonh2@stumbleupon.com,Male,158.157.161.169
616,Thomas,Lynch,tlynchh3@github.com,Male,90.209.248.217
617,Eric,Lane,elaneh4@phpbb.com,Male,81.160.34.145
618,Janice,Ross,jrossh5@washington.edu,Female,28.83.104.190
619,Carolyn,Freeman,cfreemanh6@netscape.com,Female,3.22.149.75
620,Dennis,West,dwesth7@github.com,Male,96.85.26.183
621,Katherine,Griffin,kgriffinh8@netscape.com,Female,249.98.6.223
622,Alice,Carpenter,acarpenterh9@comsenz.com,Female,167.47.238.184
623,Lois,Elliott,lelliottha@topsy.com,Female,21.165.110.37
624,Lois,Carroll,lcarrollhb@blinklist.com,Female,32.13.190.134
625,Howard,Ferguson,hfergusonhc@zdnet.com,Male,93.3.101.69
626,Evelyn,Oliver,eoliverhd@cam.ac.uk,Female,78.246.38.39
627,Jane,Ferguson,jfergusonhe@skype.com,Female,4.0.191.154
628,Willie,Harper,wharperhf@google.com.br,Male,156.34.118.140
629,Ashley,Johnson,ajohnsonhg@nifty.com,Female,224.13.249.159
630,Bonnie,Boyd,bboydhh@miitbeian.gov.cn,Female,49.56.61.4
631,Amy,Woods,awoodshi@xrea.com,Female,118.84.252.60
632,Craig,Williams,cwilliamshj@amazon.co.jp,Male,110.51.56.191
633,Kathleen,Diaz,kdiazhk@cloudflare.com,Female,116.138.223.222
634,Jeremy,Torres,jtorreshl@ow.ly,Male,13.229.190.123
635,Jason,Hanson,jhansonhm@nyu.edu,Male,45.148.154.194
636,Henry,Myers,hmyershn@joomla.org,Male,145.116.22.82
637,Judy,Graham,jgrahamho@census.gov,Female,91.244.209.214
638,Mildred,Morales,mmoraleshp@howstuffworks.com,Female,94.221.124.194
639,Rose,Peterson,rpetersonhq@wix.com,Female,137.156.194.127
640,Clarence,Richards,crichardshr@statcounter.com,Male,65.67.62.179
641,Rose,Schmidt,rschmidths@google.de,Female,133.108.188.54
642,Margaret,Myers,mmyersht@woothemes.com,Female,96.169.165.159
643,Julie,Martin,jmartinhu@drupal.org,Female,39.9.159.200
644,Janet,Burton,jburtonhv@discuz.net,Female,239.226.153.247
645,Angela,Davis,adavishw@sbwire.com,Female,242.75.202.31
646,Dennis,Harvey,dharveyhx@ted.com,Male,106.248.189.183
647,Stephanie,Myers,smyershy@redcross.org,Female,140.135.17.7
648,Jessica,Daniels,jdanielshz@t.co,Female,49.12.68.3
649,Sarah,Lopez,slopezi0@yahoo.co.jp,Female,15.136.71.108
650,Alan,Thomas,athomasi1@google.cn,Male,83.189.50.44
651,Jean,Gonzalez,jgonzalezi2@gravatar.com,Female,151.168.6.187
652,Jerry,Carroll,jcarrolli3@boston.com,Male,84.45.98.141
653,Adam,Tucker,atuckeri4@blog.com,Male,225.140.163.180
654,Judith,Lawson,jlawsoni5@accuweather.com,Female,154.12.50.128
655,Anthony,Walker,awalkeri6@nature.com,Male,214.129.68.197
656,Helen,Garcia,hgarciai7@opera.com,Female,26.223.93.156
657,Donald,Lawrence,dlawrencei8@sbwire.com,Male,90.205.9.88
658,Scott,Reed,sreedi9@google.com,Male,99.152.54.148
659,Michelle,Mason,mmasonia@infoseek.co.jp,Female,194.141.114.69
660,Larry,Collins,lcollinsib@bloglines.com,Male,155.72.134.35
661,Howard,Hicks,hhicksic@ihg.com,Male,209.172.212.46
662,Bobby,Thompson,bthompsonid@slate.com,Male,249.190.64.131
663,Ryan,Owens,rowensie@cafepress.com,Male,151.199.211.66
664,Chris,Wheeler,cwheelerif@sun.com,Male,154.16.208.104
665,Thomas,Gibson,tgibsonig@msu.edu,Male,67.194.179.84
666,Roy,Wilson,rwilsonih@ocn.ne.jp,Male,158.220.8.176
667,Chris,Thomas,cthomasii@naver.com,Male,182.111.148.27
668,Catherine,Harrison,charrisonij@sfgate.com,Female,239.80.143.148
669,Jane,Burke,jburkeik@soup.io,Female,65.94.243.61
670,Keith,Palmer,kpalmeril@samsung.com,Male,189.252.82.71
671,Billy,Ellis,bellisim@squidoo.com,Male,201.161.166.168
672,Peter,Hudson,phudsonin@gravatar.com,Male,81.144.24.165
673,Peter,Sims,psimsio@time.com,Male,28.53.114.182
674,Tina,Dean,tdeanip@zdnet.com,Female,15.240.19.201
675,Edward,Graham,egrahamiq@gravatar.com,Male,187.0.130.95
676,Mark,Stanley,mstanleyir@webnode.com,Male,14.97.135.46
677,Howard,Myers,hmyersis@mysql.com,Male,159.19.64.168
678,Shirley,Burke,sburkeit@jalbum.net,Female,244.102.79.43
679,Victor,Marshall,vmarshalliu@flickr.com,Male,57.65.65.111
680,Bobby,Ross,brossiv@jiathis.com,Male,171.209.164.117
681,Carlos,Ramirez,cramireziw@wordpress.com,Male,41.108.204.237
682,Victor,Roberts,vrobertsix@unicef.org,Male,66.245.226.167
683,Cynthia,Simmons,csimmonsiy@discovery.com,Female,51.179.2.84
684,Scott,Sanchez,ssancheziz@redcross.org,Male,170.160.68.22
685,Raymond,Roberts,rrobertsj0@hhs.gov,Male,36.20.103.255
686,Dorothy,Cruz,dcruzj1@youtube.com,Female,252.227.166.210
687,Rose,Russell,rrussellj2@purevolume.com,Female,0.61.233.254
688,Denise,Cole,dcolej3@hatena.ne.jp,Female,221.90.6.105
689,Jimmy,Murray,jmurrayj4@discovery.com,Male,211.144.235.80
690,Kelly,Fernandez,kfernandezj5@angelfire.com,Female,149.180.230.58
691,Justin,Carpenter,jcarpenterj6@exblog.jp,Male,193.255.12.113
692,Beverly,Hayes,bhayesj7@naver.com,Female,15.19.209.226
693,Raymond,Clark,rclarkj8@chronoengine.com,Male,26.83.28.101
694,Jacqueline,Armstrong,jarmstrongj9@biblegateway.com,Female,28.22.172.187
695,Craig,Johnson,cjohnsonja@toplist.cz,Male,178.43.98.170
696,Carl,Peterson,cpetersonjb@opera.com,Male,114.134.77.254
697,Judith,Daniels,jdanielsjc@jugem.jp,Female,171.66.8.22
698,Steve,Rodriguez,srodriguezjd@biblegateway.com,Male,244.105.224.189
699,Marie,Mcdonald,mmcdonaldje@trellian.com,Female,31.127.55.223
700,Kelly,Lewis,klewisjf@sitemeter.com,Female,175.130.224.51
701,Anne,Ryan,aryanjg@naver.com,Female,43.229.121.203
702,Christopher,Howell,chowelljh@utexas.edu,Male,230.71.236.36
703,Helen,Wilson,hwilsonji@scientificamerican.com,Female,167.213.161.205
704,Judy,Riley,jrileyjj@newyorker.com,Female,88.117.50.148
705,Karen,Duncan,kduncanjk@free.fr,Female,171.191.240.223
706,Christopher,Bowman,cbowmanjl@cbslocal.com,Male,232.192.163.136
707,Diana,Garcia,dgarciajm@toplist.cz,Female,158.84.188.29
708,Ronald,George,rgeorgejn@npr.org,Male,69.38.224.186
709,Gloria,Morales,gmoralesjo@mysql.com,Female,61.95.142.181
710,Judy,Mitchell,jmitchelljp@ox.ac.uk,Female,159.27.98.221
711,Stephen,Fisher,sfisherjq@sbwire.com,Male,103.237.246.222
712,Angela,Reyes,areyesjr@icio.us,Female,26.89.211.237
713,Victor,Rivera,vriverajs@accuweather.com,Male,18.32.58.7
714,Matthew,Evans,mevansjt@army.mil,Male,63.152.177.18
715,Helen,Perry,hperryju@devhub.com,Female,40.2.176.46
716,Patrick,Stone,pstonejv@craigslist.org,Male,250.219.26.94
717,Steve,Graham,sgrahamjw@narod.ru,Male,99.196.164.179
718,Arthur,Anderson,aandersonjx@earthlink.net,Male,137.106.114.196
719,Charles,Lane,clanejy@macromedia.com,Male,156.172.54.172
720,Linda,Lawrence,llawrencejz@drupal.org,Female,98.188.243.46
721,Anna,Oliver,aoliverk0@mit.edu,Female,94.48.102.26
722,Timothy,Woods,twoodsk1@cocolog-nifty.com,Male,179.103.83.37
723,Nicole,Berry,nberryk2@globo.com,Female,57.138.118.205
724,Heather,Robertson,hrobertsonk3@tinypic.com,Female,253.85.120.99
725,Lillian,Ramirez,lramirezk4@time.com,Female,240.71.113.240
726,Robert,Weaver,rweaverk5@boston.com,Male,248.82.48.241
727,Steven,Myers,smyersk6@hexun.com,Male,209.34.69.210
728,Kathleen,Ramos,kramosk7@hostgator.com,Female,170.61.203.12
729,Rebecca,Bennett,rbennettk8@independent.co.uk,Female,225.162.173.77
730,Ruth,George,rgeorgek9@ihg.com,Female,39.19.46.108
731,Heather,Greene,hgreeneka@studiopress.com,Female,154.62.47.25
732,Diana,Butler,dbutlerkb@squidoo.com,Female,53.51.5.9
733,Linda,Thomas,lthomaskc@amazon.de,Female,226.148.5.171
734,Judy,Bailey,jbaileykd@yandex.ru,Female,164.250.238.248
735,Kathy,Johnston,kjohnstonke@chronoengine.com,Female,175.240.155.215
736,Joe,Wagner,jwagnerkf@sogou.com,Male,183.255.235.145
737,Daniel,Henry,dhenrykg@mashable.com,Male,9.136.251.143
738,Ernest,Dixon,edixonkh@ifeng.com,Male,5.125.46.185
739,Craig,Daniels,cdanielski@wired.com,Male,219.62.64.66
740,Anne,Snyder,asnyderkj@europa.eu,Female,198.6.89.145
741,Laura,Hunter,lhunterkk@chron.com,Female,1.106.151.176
742,Susan,Gomez,sgomezkl@accuweather.com,Female,18.125.142.233
743,Charles,Chavez,cchavezkm@google.cn,Male,116.181.90.218
744,Michelle,Garcia,mgarciakn@disqus.com,Female,102.187.43.102
745,Bobby,Hunter,bhunterko@rakuten.co.jp,Male,95.154.222.212
746,Virginia,Howell,vhowellkp@bbb.org,Female,255.243.118.14
747,Patricia,Kim,pkimkq@bbc.co.uk,Female,139.243.113.166
748,Nicholas,Jordan,njordankr@4shared.com,Male,160.13.177.48
749,Mildred,Pierce,mpierceks@facebook.com,Female,81.13.189.23
750,Edward,Jones,ejoneskt@bloglines.com,Male,39.217.118.43
751,Cheryl,Barnes,cbarnesku@163.com,Female,72.107.248.73
752,Lillian,Vasquez,lvasquezkv@miitbeian.gov.cn,Female,59.93.23.86
753,Teresa,Perkins,tperkinskw@nps.gov,Female,26.128.183.173
754,Gloria,Banks,gbankskx@weather.com,Female,21.162.207.164
755,Gregory,Gutierrez,ggutierrezky@tmall.com,Male,18.106.252.225
756,Pamela,Gonzalez,pgonzalezkz@sciencedaily.com,Female,238.245.238.185
757,Richard,Carpenter,rcarpenterl0@sciencedirect.com,Male,37.61.83.81
758,Wayne,Kelley,wkelleyl1@youku.com,Male,61.75.42.154
759,Jonathan,Watkins,jwatkinsl2@wikia.com,Male,117.65.153.82
760,Kelly,Little,klittlel3@mlb.com,Female,35.70.98.216
761,Marilyn,Hamilton,mhamiltonl4@nytimes.com,Female,70.46.151.255
762,Ann,Bradley,abradleyl5@ustream.tv,Female,184.241.120.105
763,Julie,Morris,jmorrisl6@cdbaby.com,Female,92.209.57.31
764,Bruce,Armstrong,barmstrongl7@mediafire.com,Male,157.199.85.246
765,Alan,Price,apricel8@timesonline.co.uk,Male,140.151.38.124
766,Tammy,Washington,twashingtonl9@who.int,Female,173.79.69.35
767,Eugene,Mitchell,emitchellla@xing.com,Male,44.141.72.250
768,Arthur,Reynolds,areynoldslb@jugem.jp,Male,71.33.231.38
769,Lawrence,Simmons,lsimmonslc@vinaora.com,Male,222.198.54.149
770,Kelly,Adams,kadamsld@discuz.net,Female,140.214.181.100
771,Beverly,Elliott,belliottle@prlog.org,Female,12.149.177.4
772,Annie,Price,apricelf@is.gd,Female,215.74.214.169
773,Gloria,Matthews,gmatthewslg@twitpic.com,Female,72.235.199.56
774,Wayne,Mason,wmasonlh@github.io,Male,113.240.134.99
775,Debra,Evans,devansli@netlog.com,Female,102.74.196.202
776,Ruth,Sanders,rsanderslj@irs.gov,Female,42.114.95.249
777,Nancy,Wagner,nwagnerlk@devhub.com,Female,30.5.18.236
778,Kathleen,Peterson,kpetersonll@webs.com,Female,91.2.79.85
779,Kathleen,Fuller,kfullerlm@shinystat.com,Female,119.227.165.33
780,Johnny,Burton,jburtonln@vistaprint.com,Male,74.207.104.142
781,Cheryl,Mason,cmasonlo@omniture.com,Female,198.98.146.79
782,Andrew,Shaw,ashawlp@godaddy.com,Male,30.147.51.90
783,David,Adams,dadamslq@barnesandnoble.com,Male,95.38.253.134
784,Eric,Hall,ehalllr@sciencedirect.com,Male,7.63.241.146
785,Bruce,Black,bblackls@typepad.com,Male,67.30.236.83
786,Julie,White,jwhitelt@hubpages.com,Female,205.94.18.210
787,Wayne,Powell,wpowelllu@vk.com,Male,3.143.157.27
788,Kimberly,Hansen,khansenlv@merriam-webster.com,Female,107.255.12.166
789,Brian,Hill,bhilllw@digg.com,Male,39.114.100.224
790,Shawn,Bowman,sbowmanlx@guardian.co.uk,Male,42.37.171.232
791,Shirley,Fox,sfoxly@nsw.gov.au,Female,127.177.36.183
792,Alan,Hill,ahilllz@histats.com,Male,58.223.71.219
793,Larry,Reid,lreidm0@mlb.com,Male,191.213.123.10
794,Patrick,Webb,pwebbm1@xinhuanet.com,Male,231.255.237.5
795,Stephen,Harrison,sharrisonm2@wordpress.com,Male,240.49.73.69
796,Jesse,Wheeler,jwheelerm3@cbsnews.com,Male,28.240.234.186
797,Louise,Harrison,lharrisonm4@cyberchimps.com,Female,160.35.203.97
798,Christopher,Bell,cbellm5@homestead.com,Male,45.234.28.255
799,Roy,Ross,rrossm6@meetup.com,Male,255.67.51.216
800,Cheryl,Hayes,chayesm7@ustream.tv,Female,57.94.53.52
801,Charles,Romero,cromerom8@macromedia.com,Male,193.104.158.43
802,Kathleen,Clark,kclarkm9@narod.ru,Female,120.137.160.149
803,Amanda,Jordan,ajordanma@mit.edu,Female,217.66.231.100
804,Joe,Palmer,jpalmermb@rediff.com,Male,84.245.214.108
805,Catherine,Jackson,cjacksonmc@mac.com,Female,169.208.20.101
806,Jane,Harvey,jharveymd@last.fm,Female,96.231.125.120
807,Dennis,Black,dblackme@scientificamerican.com,Male,231.66.171.142
808,Timothy,Chapman,tchapmanmf@cafepress.com,Male,111.180.207.19
809,Janice,Hanson,jhansonmg@noaa.gov,Female,15.175.155.117
810,Denise,Bowman,dbowmanmh@yandex.ru,Female,209.142.90.66
811,Mark,White,mwhitemi@printfriendly.com,Male,87.81.222.14
812,Beverly,Jordan,bjordanmj@weather.com,Female,27.48.79.16
813,Brenda,Green,bgreenmk@cbsnews.com,Female,190.182.221.26
814,Helen,Russell,hrussellml@spiegel.de,Female,231.84.6.1
815,Robert,Cunningham,rcunninghammm@illinois.edu,Male,2.198.102.198
816,Joseph,Daniels,jdanielsmn@microsoft.com,Male,221.85.9.164
817,Shawn,Perkins,sperkinsmo@surveymonkey.com,Male,71.29.154.117
818,Thomas,Howard,thowardmp@bandcamp.com,Male,114.69.68.101
819,Jeremy,Perez,jperezmq@1688.com,Male,246.64.79.44
820,Arthur,Parker,aparkermr@simplemachines.org,Male,65.11.150.23
821,Adam,Murphy,amurphyms@columbia.edu,Male,115.128.24.133
822,Willie,Hicks,whicksmt@w3.org,Male,168.207.105.138
823,Frances,Vasquez,fvasquezmu@virginia.edu,Female,199.24.112.15
824,Earl,Hunt,ehuntmv@dropbox.com,Male,224.82.238.207
825,Amy,Greene,agreenemw@discuz.net,Female,117.78.123.28
826,Anthony,Sullivan,asullivanmx@over-blog.com,Male,114.61.68.82
827,Amy,Reyes,areyesmy@senate.gov,Female,203.155.129.10
828,Howard,Morales,hmoralesmz@constantcontact.com,Male,67.133.83.30
829,Christina,Olson,colsonn0@ycombinator.com,Female,165.242.53.90
830,Kelly,Cook,kcookn1@mysql.com,Female,129.134.243.53
831,Karen,Gardner,kgardnern2@youku.com,Female,18.164.48.208
832,Chris,Reynolds,creynoldsn3@japanpost.jp,Male,170.67.169.250
833,Jeremy,James,jjamesn4@arizona.edu,Male,181.157.181.76
834,Mark,Little,mlittlen5@istockphoto.com,Male,223.177.101.200
835,Peter,Lee,pleen6@reverbnation.com,Male,16.6.30.22
836,Howard,Robertson,hrobertsonn7@etsy.com,Male,55.32.176.231
837,Harold,Ross,hrossn8@home.pl,Male,39.220.52.123
838,Jose,Payne,jpaynen9@usa.gov,Male,144.208.59.175
839,Lori,Gray,lgrayna@weebly.com,Female,25.68.225.104
840,Elizabeth,Matthews,ematthewsnb@nih.gov,Female,39.142.207.242
841,Deborah,Medina,dmedinanc@dedecms.com,Female,26.73.196.159
842,Mark,Sanchez,msancheznd@xing.com,Male,102.170.180.151
843,Stephanie,Alexander,salexanderne@icio.us,Female,245.95.253.133
844,Carolyn,Wallace,cwallacenf@reuters.com,Female,193.172.91.145
845,Chris,Cunningham,ccunninghamng@toplist.cz,Male,186.145.205.131
846,Jeffrey,Morrison,jmorrisonnh@tripadvisor.com,Male,35.225.111.15
847,Frances,Tucker,ftuckerni@weibo.com,Female,67.12.135.165
848,Debra,Gardner,dgardnernj@zdnet.com,Female,109.201.69.233
849,Cynthia,Gibson,cgibsonnk@apache.org,Female,104.138.89.167
850,Katherine,Roberts,krobertsnl@wp.com,Female,105.148.190.243
851,Phyllis,Barnes,pbarnesnm@utexas.edu,Female,102.146.114.167
852,Arthur,Reed,areednn@feedburner.com,Male,231.236.236.252
853,Linda,Mcdonald,lmcdonaldno@stanford.edu,Female,138.193.198.231
854,Donald,Gonzales,dgonzalesnp@cdbaby.com,Male,145.134.183.220
855,Jean,Phillips,jphillipsnq@github.io,Female,10.29.129.229
856,Albert,Martinez,amartineznr@illinois.edu,Male,136.49.46.173
857,Ann,Carter,acarterns@columbia.edu,Female,21.159.187.171
858,Annie,Coleman,acolemannt@jimdo.com,Female,232.72.211.30
859,Ruby,Jenkins,rjenkinsnu@google.com.au,Female,68.169.165.48
860,Cheryl,Murphy,cmurphynv@oakley.com,Female,104.2.195.221
861,Mary,Medina,mmedinanw@google.it,Female,148.85.151.221
862,Raymond,Griffin,rgriffinnx@pcworld.com,Male,70.86.90.187
863,Christopher,Carr,ccarrny@wikipedia.org,Male,247.249.121.119
864,Randy,Perez,rpereznz@rakuten.co.jp,Male,237.30.255.245
865,Ruth,Hunt,rhunto0@unesco.org,Female,187.6.99.183
866,Antonio,Rose,aroseo1@fema.gov,Male,95.142.137.136
867,Anthony,Williamson,awilliamsono2@mapquest.com,Male,176.27.13.130
868,Richard,Wheeler,rwheelero3@freewebs.com,Male,99.18.50.53
869,Jessica,Wilson,jwilsono4@businessweek.com,Female,199.186.86.71
870,Louise,Greene,lgreeneo5@ucoz.com,Female,188.171.219.28
871,Jeremy,Jackson,jjacksono6@techcrunch.com,Male,231.19.74.26
872,Margaret,Gutierrez,mgutierrezo7@ibm.com,Female,171.56.214.9
873,Dorothy,Rice,driceo8@com.com,Female,34.67.76.117
874,Amanda,Morrison,amorrisono9@cargocollective.com,Female,230.28.214.65
875,Todd,Perkins,tperkinsoa@patch.com,Male,117.203.227.17
876,Linda,Vasquez,lvasquezob@nhs.uk,Female,151.187.145.197
877,Kevin,Nguyen,knguyenoc@posterous.com,Male,195.84.202.86
878,Angela,Ford,afordod@dagondesign.com,Female,179.3.32.222
879,Janet,Duncan,jduncanoe@storify.com,Female,162.211.101.114
880,Jesse,Porter,jporterof@fema.gov,Male,120.192.235.27
881,Scott,Jenkins,sjenkinsog@hc360.com,Male,233.191.235.182
882,Frank,Patterson,fpattersonoh@netscape.com,Male,86.234.146.185
883,Janet,Hall,jhalloi@oaic.gov.au,Female,229.57.101.39
884,Diane,Carroll,dcarrolloj@amazon.com,Female,91.28.182.174
885,Andrew,Edwards,aedwardsok@topsy.com,Male,30.255.235.88
886,Ann,Oliver,aoliverol@delicious.com,Female,196.111.17.136
887,Nicholas,Walker,nwalkerom@yelp.com,Male,197.95.43.226
888,Jack,Hanson,jhansonon@google.cn,Male,24.52.220.3
889,Martha,Romero,mromerooo@webs.com,Female,186.54.220.150
890,Jack,Austin,jaustinop@flickr.com,Male,40.76.229.8
891,Joshua,Lee,jleeoq@stanford.edu,Male,105.213.53.105
892,Raymond,Thomas,rthomasor@4shared.com,Male,21.103.39.255
893,Richard,Bell,rbellos@java.com,Male,222.124.129.180
894,Marie,Campbell,mcampbellot@comcast.net,Female,81.199.71.29
895,Patricia,Wright,pwrightou@google.co.uk,Female,234.117.164.157
896,David,Perry,dperryov@cyberchimps.com,Male,54.148.95.115
897,Andrew,Mcdonald,amcdonaldow@t-online.de,Male,68.102.102.148
898,Deborah,Riley,drileyox@mashable.com,Female,1.175.109.43
899,Jesse,Chavez,jchavezoy@technorati.com,Male,102.35.139.237
900,Nicholas,Reyes,nreyesoz@who.int,Male,88.65.175.251
901,Albert,Morrison,amorrisonp0@phoca.cz,Male,225.92.235.83
902,Kathy,Gonzalez,kgonzalezp1@ovh.net,Female,178.14.158.27
903,Evelyn,Jacobs,ejacobsp2@4shared.com,Female,179.17.154.30
904,Shawn,Mills,smillsp3@artisteer.com,Male,93.137.205.219
905,Louis,Cunningham,lcunninghamp4@usnews.com,Male,165.254.154.71
906,Thomas,Wheeler,twheelerp5@smh.com.au,Male,208.174.131.171
907,Dennis,Reed,dreedp6@studiopress.com,Male,134.230.239.224
908,Henry,Day,hdayp7@unblog.fr,Male,200.98.207.186
909,Phyllis,Franklin,pfranklinp8@twitpic.com,Female,128.82.99.105
910,Jason,Taylor,jtaylorp9@oracle.com,Male,235.249.89.108
911,Andrew,Snyder,asnyderpa@ebay.com,Male,166.125.127.111
912,Stephen,Brown,sbrownpb@tinyurl.com,Male,82.94.232.251
913,Irene,Riley,irileypc@miibeian.gov.cn,Female,99.15.65.246
914,Justin,Evans,jevanspd@cnn.com,Male,152.50.83.143
915,Dorothy,Mcdonald,dmcdonaldpe@shinystat.com,Female,11.211.12.133
916,Jonathan,Grant,jgrantpf@last.fm,Male,158.95.115.244
917,Brian,Clark,bclarkpg@goodreads.com,Male,16.2.59.120
918,Angela,Fisher,afisherph@drupal.org,Female,137.119.97.234
919,Paul,Martinez,pmartinezpi@scribd.com,Male,111.11.144.161
920,Joshua,Hernandez,jhernandezpj@cocolog-nifty.com,Male,155.217.210.239
921,Melissa,Austin,maustinpk@elegantthemes.com,Female,158.5.251.192
922,Albert,White,awhitepl@barnesandnoble.com,Male,167.88.74.82
923,Keith,Brooks,kbrookspm@alibaba.com,Male,34.79.183.55
924,Laura,Hawkins,lhawkinspn@sakura.ne.jp,Female,167.22.212.244
925,Teresa,Peters,tpeterspo@netscape.com,Female,158.185.163.225
926,Paul,Grant,pgrantpp@ezinearticles.com,Male,226.177.77.58
927,Barbara,Gilbert,bgilbertpq@tmall.com,Female,71.60.70.117
928,Karen,Jackson,kjacksonpr@shinystat.com,Female,251.31.239.155
929,Kathleen,Romero,kromerops@miibeian.gov.cn,Female,134.42.179.64
930,Alice,Wallace,awallacept@gravatar.com,Female,85.217.123.88
931,Harold,Morris,hmorrispu@imdb.com,Male,43.3.26.27
932,Peter,Black,pblackpv@techcrunch.com,Male,214.243.143.100
933,Edward,Castillo,ecastillopw@nyu.edu,Male,163.155.68.167
934,Carol,Franklin,cfranklinpx@cocolog-nifty.com,Female,129.105.248.188
935,Joe,Thompson,jthompsonpy@archive.org,Male,24.44.32.211
936,Joseph,Riley,jrileypz@ucsd.edu,Male,136.194.228.244
937,Benjamin,Meyer,bmeyerq0@tiny.cc,Male,246.72.213.9
938,Victor,Cruz,vcruzq1@wix.com,Male,154.168.131.11
939,Andrea,Knight,aknightq2@ca.gov,Female,200.244.25.234
940,Willie,Garza,wgarzaq3@nbcnews.com,Male,215.99.47.51
941,Joyce,Gonzalez,jgonzalezq4@fc2.com,Female,207.170.18.217
942,Janice,Davis,jdavisq5@businessinsider.com,Female,200.43.168.84
943,Susan,Shaw,sshawq6@google.de,Female,56.44.75.181
944,Norma,Johnston,njohnstonq7@acquirethisname.com,Female,197.93.174.37
945,Roy,Black,rblackq8@indiatimes.com,Male,51.131.121.212
946,Kathryn,Murphy,kmurphyq9@stanford.edu,Female,146.44.133.162
947,Andrew,Wood,awoodqa@google.com,Male,76.158.96.51
948,Debra,Burke,dburkeqb@xrea.com,Female,40.202.17.148
949,Clarence,Stone,cstoneqc@stanford.edu,Male,175.141.21.64
950,Heather,Lynch,hlynchqd@xing.com,Female,127.189.154.9
951,Helen,Fields,hfieldsqe@oracle.com,Female,92.52.166.211
952,Theresa,Day,tdayqf@linkedin.com,Female,157.238.128.211
953,Sarah,Johnson,sjohnsonqg@zdnet.com,Female,208.48.247.140
954,Lois,Gordon,lgordonqh@yahoo.com,Female,112.82.74.138
955,Jason,Cook,jcookqi@wired.com,Male,106.122.91.174
956,Craig,Howell,chowellqj@ask.com,Male,24.169.90.171
957,Brian,Vasquez,bvasquezqk@yellowbook.com,Male,109.19.108.189
958,Marilyn,Sanders,msandersql@mit.edu,Female,163.118.7.66
959,Rose,Griffin,rgriffinqm@china.com.cn,Female,64.215.130.0
960,Annie,Roberts,arobertsqn@admin.ch,Female,110.70.241.213
961,Susan,Chapman,schapmanqo@unblog.fr,Female,197.25.83.73
962,Johnny,Cooper,jcooperqp@bizjournals.com,Male,3.55.137.40
963,Melissa,Morris,mmorrisqq@odnoklassniki.ru,Female,179.25.67.64
964,Irene,Woods,iwoodsqr@bluehost.com,Female,28.113.255.200
965,Matthew,Kelley,mkelleyqs@illinois.edu,Male,38.59.11.63
966,Rebecca,Gomez,rgomezqt@state.gov,Female,224.141.230.61
967,Barbara,Harper,bharperqu@yellowpages.com,Female,40.169.22.227
968,Lori,Dixon,ldixonqv@mtv.com,Female,32.25.226.135
969,Joe,Carr,jcarrqw@sohu.com,Male,12.108.239.200
970,Diana,Reyes,dreyesqx@amazon.co.jp,Female,70.229.151.32
971,Debra,Simmons,dsimmonsqy@youku.com,Female,180.232.169.148
972,Kathryn,Ross,krossqz@google.co.jp,Female,126.122.152.2
973,Janet,Marshall,jmarshallr0@msu.edu,Female,34.254.103.119
974,Lois,Elliott,lelliottr1@wikipedia.org,Female,96.196.172.222
975,Roy,Perkins,rperkinsr2@zdnet.com,Male,90.65.49.164
976,Catherine,Arnold,carnoldr3@mail.ru,Female,35.123.171.180
977,Donna,Stewart,dstewartr4@reuters.com,Female,55.24.38.87
978,Charles,Fisher,cfisherr5@auda.org.au,Male,52.83.111.28
979,Heather,Robinson,hrobinsonr6@mayoclinic.com,Female,64.118.15.87
980,Julie,Tucker,jtuckerr7@privacy.gov.au,Female,28.172.114.136
981,Lillian,Jones,ljonesr8@utexas.edu,Female,220.136.20.36
982,Helen,Flores,hfloresr9@yolasite.com,Female,43.61.236.11
983,Helen,Ray,hrayra@reuters.com,Female,6.244.230.233
984,Julie,Morris,jmorrisrb@com.com,Female,140.17.158.71
985,Randy,Chavez,rchavezrc@nasa.gov,Male,200.231.250.239
986,Jean,Larson,jlarsonrd@barnesandnoble.com,Female,66.213.67.243
987,Marie,Schmidt,mschmidtre@nature.com,Female,31.88.37.239
988,Roy,Dixon,rdixonrf@bbb.org,Male,210.163.23.248
989,Kathryn,Rivera,kriverarg@jigsy.com,Female,190.223.151.184
990,Catherine,Ferguson,cfergusonrh@multiply.com,Female,34.198.193.79
991,Alan,Thompson,athompsonri@rediff.com,Male,193.144.130.148
992,Marie,Hunt,mhuntrj@biblegateway.com,Female,136.33.135.181
993,Beverly,Hudson,bhudsonrk@t.co,Female,184.45.185.85
994,Patrick,Little,plittlerl@liveinternet.ru,Male,129.197.247.131
995,Brenda,Ray,brayrm@hp.com,Female,3.57.78.100
996,Christine,Richardson,crichardsonrn@google.nl,Female,69.134.117.136
997,Jessica,Reyes,jreyesro@edublogs.org,Female,180.81.91.13
998,Louise,Hunt,lhuntrp@jigsy.com,Female,22.242.121.126
999,Arthur,Richards,arichardsrq@intel.com,Male,53.72.167.177
1000,Karen,Reynolds,kreynoldsrr@so-net.ne.jp,Female,107.93.79.176
